point_id,x,y
1,52.21529528,1.23429329
2,52.21520433,1.23477112
3,52.21504628,1.23537224
4,52.21493814,1.23528900
5,52.21494181,1.234944181
6,52.21515468,1.23424882
