point_id,x,y
1,7.343171872749543,-3.3283369491774675
2,29.37268749099817,-13.31334779670987
3,49.36229994923643,-16.381799160092676
4,32.98909741251101,-35.379647424866455
5,15.799454108493642,-30.039594702219325
6,-6.165090113306322,-23.2161940010591
