point_id,x,y
1,-0.513155036691296,8.04591025977287
2,-2.052620146765184,32.18364103909148
3,-8.738549257388872,51.27024241093646
4,15.72539578087791,45.7461684464912
5,19.090329780254194,28.063487111924275
6,23.389967668346106,5.46894985108876
